{
   "Accounts": [

      {
         "customerAccount": "100",
         "monthNo": "1",
         "yearNo": "2019",
         "numberOfMessages": "100"
      },

      {
         "customerAccount": "100",
         "monthNo": "2",
         "yearNo": "2019",
         "numberOfMessages": "230"
      },
      {
         "customerAccount": "100",
         "monthNo": "3",
         "yearNo": "2019",
         "numberOfMessages": "600"
      },
      {
         "customerAccount": "200",
         "monthNo": "1",
         "yearNo": "2019",
         "numberOfMessages": "900"
      },
      {
         "customerAccount": "200",
         "monthNo": "2",
         "yearNo": "2019",
         "numberOfMessages": "1000"
      },
      {
         "customerAccount": "200",
         "monthNo": "3",
         "yearNo": "2019",
         "numberOfMessages": "1200"
      }



   ]
}